Trait,Metric,Method,Score,Score SE
Waist-hip Ratio,hg2,LDSC,0.14423053458883053,0.008748314653798104
Waist-hip Ratio,hg2,S-LDSC,0.17313362019586223,0.0077610790559450235
Waist-hip Ratio,hg2,LD2MAF,0.14565519807190708,0.008634692573861772
Waist-hip Ratio,hg2,S-LD2MAF,0.17143937414280644,0.007572528573287515
Waist-hip Ratio,hg2,LD2,0.16281628823829628,0.008210717446650168
Waist-hip Ratio,hg2,S-LD2,0.1683393359574031,0.007145577846642583
Waist-hip Ratio,Intercept,LDSC,1.1728111313950957,0.027484664190996124
Waist-hip Ratio,Intercept,S-LDSC,1.0837883487929352,0.0189493772626541
Waist-hip Ratio,Intercept,LD2MAF,1.1659381601973975,0.0258627999893082
Waist-hip Ratio,Intercept,S-LD2MAF,1.0920297687030087,0.018571123332373655
Waist-hip Ratio,Intercept,LD2,1.1811770374296826,0.02077651660955626
Waist-hip Ratio,Intercept,S-LD2,1.100203043548073,0.01769522549907135
Waist-hip Ratio,Ratio,LDSC,0.1455461633532314,0.023148320318010236
Waist-hip Ratio,Ratio,S-LDSC,0.07056879150124098,0.01595967306183919
Waist-hip Ratio,Ratio,LD2MAF,0.1396255609091828,0.021761769269307587
Waist-hip Ratio,Ratio,S-LD2MAF,0.07743672739419391,0.01562632434222295
Waist-hip Ratio,Ratio,LD2,0.16157768584298307,0.018528956656294313
Waist-hip Ratio,Ratio,S-LD2,0.08936328864084159,0.015780993149970078
Waist-hip Ratio,LRT,LDSC,10182.996938447206,0.0
Waist-hip Ratio,LRT,S-LDSC,5648.36799421921,0.0
Waist-hip Ratio,LRT,LD2MAF,9905.038088478177,0.0
Waist-hip Ratio,LRT,S-LD2MAF,6145.994521058514,0.0
Waist-hip Ratio,LRT,LD2,31021.025643561035,0.0
Waist-hip Ratio,LRT,S-LD2,19480.01181184943,0.0
White Blood Cell Count,hg2,LDSC,0.19502587803143162,0.00984655089996641
White Blood Cell Count,hg2,S-LDSC,0.23166532639255988,0.009019344572354277
White Blood Cell Count,hg2,LD2MAF,0.19823943294150892,0.009889078022013881
White Blood Cell Count,hg2,S-LD2MAF,0.23023795852491064,0.008842324878338394
White Blood Cell Count,hg2,LD2,0.22281364933743616,0.011256658288939608
White Blood Cell Count,hg2,S-LD2,0.22131627899681033,0.010001507452410383
White Blood Cell Count,Intercept,LDSC,1.2190564162815563,0.02659250548351522
White Blood Cell Count,Intercept,S-LDSC,1.0996551192018242,0.022876573600286054
White Blood Cell Count,Intercept,LD2MAF,1.2079057964410203,0.025744737561207844
White Blood Cell Count,Intercept,S-LD2MAF,1.1135999414703652,0.021161748399394997
White Blood Cell Count,Intercept,LD2,1.2483453831962277,0.023838636174143567
White Blood Cell Count,Intercept,S-LD2,1.1816450123908815,0.02506049270858692
White Blood Cell Count,Ratio,LDSC,0.17297228038389842,0.020998089865091225
White Blood Cell Count,Ratio,S-LDSC,0.07869010875313996,0.018063899566062306
White Blood Cell Count,Ratio,LD2MAF,0.16456006114894695,0.020377284615716817
White Blood Cell Count,Ratio,S-LD2MAF,0.08991578702897449,0.016749790867956728
White Blood Cell Count,Ratio,LD2,0.2120448885706119,0.020354157126519164
White Blood Cell Count,Ratio,S-LD2,0.15509407066930708,0.02139741562949926
White Blood Cell Count,LRT,LDSC,13126.449384518492,0.0
White Blood Cell Count,LRT,S-LDSC,7050.90103915683,0.0
White Blood Cell Count,LRT,LD2MAF,12673.31337576537,0.0
White Blood Cell Count,LRT,S-LD2MAF,7900.5389359675755,0.0
White Blood Cell Count,LRT,LD2,42422.123607217334,0.0
White Blood Cell Count,LRT,S-LD2,34085.91561590484,0.0
Heel T Score,hg2,LDSC,0.3323080551657286,0.02195996708677502
Heel T Score,hg2,S-LDSC,0.3626157559821692,0.021276294801741324
Heel T Score,hg2,LD2MAF,0.3400334264936287,0.021633523152046207
Heel T Score,hg2,S-LD2MAF,0.36596638634374373,0.02088935190863523
Heel T Score,hg2,LD2,0.39140767885397676,0.022752525064542967
Heel T Score,hg2,S-LD2,0.37667394495988354,0.021701725558951616
Heel T Score,Intercept,LDSC,1.3407994047893854,0.05501305587598852
Heel T Score,Intercept,S-LDSC,1.2542338272697156,0.053515065072455
Heel T Score,Intercept,LD2MAF,1.3149129401823896,0.04984002626085782
Heel T Score,Intercept,S-LD2MAF,1.2453126418049458,0.04951074846749242
Heel T Score,Intercept,LD2,1.3699434745840475,0.03697691270131928
Heel T Score,Intercept,S-LD2,1.2792119992350282,0.033900986157331794
Heel T Score,Ratio,LDSC,0.16031251359149165,0.025878217930806625
Heel T Score,Ratio,S-LDSC,0.11959194563376958,0.02517356097520012
Heel T Score,Ratio,LD2MAF,0.14842177874402912,0.02349012824306707
Heel T Score,Ratio,S-LD2MAF,0.11561842655306365,0.02333493615802955
Heel T Score,Ratio,LD2,0.1899166802844436,0.018982717603812704
Heel T Score,Ratio,S-LD2,0.1433381574034277,0.017403639181927503
Heel T Score,LRT,LDSC,30806.526687576785,0.0
Heel T Score,LRT,S-LDSC,25204.744053394592,0.0
Heel T Score,LRT,LD2MAF,29306.22781283484,0.0
Heel T Score,LRT,S-LD2MAF,24616.358714972623,0.0
Heel T Score,LRT,LD2,96069.89670286479,0.0
Heel T Score,LRT,S-LD2,80001.92649551586,0.0
Tanning,hg2,LDSC,0.07448617185276428,0.018794162055445703
Tanning,hg2,S-LDSC,0.07890822568351824,0.0168212556070084
Tanning,hg2,LD2MAF,0.07442171778718117,0.016889629859534648
Tanning,hg2,S-LD2MAF,0.07725990137780572,0.014609930805115547
Tanning,hg2,LD2,0.06610240636406033,0.01830732883474743
Tanning,hg2,S-LD2,0.05753338530694024,0.022062677166489877
Tanning,Intercept,LDSC,1.1483376489291564,0.08067334495428612
Tanning,Intercept,S-LDSC,1.1276195593437037,0.05713717825846196
Tanning,Intercept,LD2MAF,1.1476334796756569,0.07436403726841813
Tanning,Intercept,S-LD2MAF,1.130169651328403,0.05513681823338205
Tanning,Intercept,LD2,1.2354406586210773,0.08649480128800399
Tanning,Intercept,S-LD2,1.2313236244880605,0.08281378633326758
Tanning,Ratio,LDSC,0.28088494759882265,0.15275911701235345
Tanning,Ratio,S-LDSC,0.24165418218243923,0.10819217802715347
Tanning,Ratio,LD2MAF,0.282005027523694,0.14204794483423094
Tanning,Ratio,S-LD2MAF,0.24864614846349622,0.10532068997922328
Tanning,Ratio,LD2,0.47652819476054364,0.17506411915148543
Tanning,Ratio,S-LD2,0.46819538234545643,0.16761380270427315
Tanning,LRT,LDSC,3833.2158884929086,0.0
Tanning,LRT,S-LDSC,3449.6468113142473,0.0
Tanning,LRT,LD2MAF,3831.4414423597336,0.0
Tanning,LRT,S-LD2MAF,3510.1145839350647,0.0
Tanning,LRT,LD2,16160.67227847455,0.0
Tanning,LRT,S-LD2,16026.33010201645,0.0
Sunburn Occasion,hg2,LDSC,0.05952686720928745,0.009735556054309289
Sunburn Occasion,hg2,S-LDSC,0.06696431189062799,0.010153836547250881
Sunburn Occasion,hg2,LD2MAF,0.05715081572297942,0.00881561688359191
Sunburn Occasion,hg2,S-LD2MAF,0.06251939901172891,0.0091542902777736
Sunburn Occasion,hg2,LD2,0.057339974253595105,0.013182028525611759
Sunburn Occasion,hg2,S-LD2,0.049627375229690546,0.014436496273679078
Sunburn Occasion,Intercept,LDSC,1.1129216389943177,0.0423352082726244
Sunburn Occasion,Intercept,S-LDSC,1.10511590593022,0.03434800580597688
Sunburn Occasion,Intercept,LD2MAF,1.119033579785449,0.04073140428432657
Sunburn Occasion,Intercept,S-LD2MAF,1.1186002082406097,0.03400340730383031
Sunburn Occasion,Intercept,LD2,1.1423139324786138,0.04376628743839832
Sunburn Occasion,Intercept,S-LD2,1.1437229343521815,0.044854431145662704
Sunburn Occasion,Ratio,LDSC,0.3101584072089523,0.11628081989987044
Sunburn Occasion,Ratio,S-LDSC,0.288718639279436,0.09434261552050018
Sunburn Occasion,Ratio,LD2MAF,0.33156602090147813,0.11345663693073688
Sunburn Occasion,Ratio,S-LD2MAF,0.3303588718015916,0.09471591526647082
Sunburn Occasion,Ratio,LD2,0.43407233971734943,0.13349174222265608
Sunburn Occasion,Ratio,S-LD2,0.4383699424135407,0.13681069404089738
Sunburn Occasion,LRT,LDSC,1938.9414522555307,0.0
Sunburn Occasion,LRT,S-LDSC,1847.070504568197,0.0
Sunburn Occasion,LRT,LD2MAF,2016.2300473732175,0.0
Sunburn Occasion,LRT,S-LD2MAF,2011.522256971628,0.0
Sunburn Occasion,LRT,LD2,6704.014340535039,0.0
Sunburn Occasion,LRT,S-LD2,6739.138104772661,0.0
Red Blood Cell Count,hg2,LDSC,0.22617913532530676,0.015764232376361383
Red Blood Cell Count,hg2,S-LDSC,0.26101259346752925,0.012953586232843161
Red Blood Cell Count,hg2,LD2MAF,0.2307774215012976,0.015277388943465142
Red Blood Cell Count,hg2,S-LD2MAF,0.2613496447519672,0.012909412731519097
Red Blood Cell Count,hg2,LD2,0.2711946281952026,0.01576406877546152
Red Blood Cell Count,hg2,S-LD2,0.2675063251799846,0.014020010297507834
Red Blood Cell Count,Intercept,LDSC,1.31368327271634,0.058944412294204045
Red Blood Cell Count,Intercept,S-LDSC,1.1677462923070918,0.034479072547097776
Red Blood Cell Count,Intercept,LD2MAF,1.3003369939086136,0.05740679121524152
Red Blood Cell Count,Intercept,S-LD2MAF,1.1805042127022853,0.03305920339600406
Red Blood Cell Count,Intercept,LD2,1.29720197344407,0.039472409080477756
Red Blood Cell Count,Intercept,S-LD2,1.1694721505389754,0.027679750744682215
Red Blood Cell Count,Ratio,LDSC,0.20201540480192995,0.03796083612400162
Red Blood Cell Count,Ratio,S-LDSC,0.10803041823363001,0.022204893928455375
Red Blood Cell Count,Ratio,LD2MAF,0.1926871457490944,0.03683046367989179
Red Blood Cell Count,Ratio,S-LD2MAF,0.11580605202392713,0.021209786580780245
Red Blood Cell Count,Ratio,LD2,0.2078248550048508,0.027601928744885065
Red Blood Cell Count,Ratio,S-LD2,0.11850703649432828,0.019355659447418013
Red Blood Cell Count,LRT,LDSC,21441.091755492555,0.0
Red Blood Cell Count,LRT,S-LDSC,13706.119240871514,0.0
Red Blood Cell Count,LRT,LD2MAF,20984.975411740073,0.0
Red Blood Cell Count,LRT,S-LD2MAF,14610.79521090613,0.0
Red Blood Cell Count,LRT,LD2,60847.84571978508,0.0
Red Blood Cell Count,LRT,S-LD2,40844.451707274304,0.0
Eosinophil Count,hg2,LDSC,0.185650614834049,0.0138505488224213
Eosinophil Count,hg2,S-LDSC,0.23538838500819934,0.013748176333444244
Eosinophil Count,hg2,LD2MAF,0.18803700447242683,0.014232522671769506
Eosinophil Count,hg2,S-LD2MAF,0.2328437572949651,0.013971542698982858
Eosinophil Count,hg2,LD2,0.21478839353919676,0.013431865549889462
Eosinophil Count,hg2,S-LD2,0.22251323254317673,0.013327196686849622
Eosinophil Count,Intercept,LDSC,1.2587378541930079,0.04448705467331184
Eosinophil Count,Intercept,S-LDSC,1.1367822474418154,0.032873959235652665
Eosinophil Count,Intercept,LD2MAF,1.2488740689239142,0.0440915639717549
Eosinophil Count,Intercept,S-LD2MAF,1.1529924347477563,0.03131491109991593
Eosinophil Count,Intercept,LD2,1.261146467224107,0.03286621096669527
Eosinophil Count,Intercept,S-LD2,1.210019760905872,0.03060264473320572
Eosinophil Count,Ratio,LDSC,0.20823251916904595,0.03580323217075341
Eosinophil Count,Ratio,S-LDSC,0.11008250822535705,0.02645699976159681
Eosinophil Count,Ratio,LD2MAF,0.2013417380001322,0.03567053875721848
Eosinophil Count,Ratio,S-LD2MAF,0.12377248801441983,0.0253340922717998
Eosinophil Count,Ratio,LD2,0.23318607218263437,0.02934729588462155
Eosinophil Count,Ratio,S-LD2,0.18753339322162352,0.02732608485801516
Eosinophil Count,LRT,LDSC,14482.75678421394,0.0
Eosinophil Count,LRT,S-LDSC,9043.40379005394,0.0
Eosinophil Count,LRT,LD2MAF,14112.184915900201,0.0
Eosinophil Count,LRT,S-LD2MAF,9894.690757365228,0.0
Eosinophil Count,LRT,LD2,42087.60840543173,0.0
Eosinophil Count,LRT,S-LD2,36386.95058991294,0.0
Eczema,hg2,LDSC,0.06463182525223579,0.004653920999508829
Eczema,hg2,S-LDSC,0.08132948932411498,0.004642052287754385
Eczema,hg2,LD2MAF,0.06461613484109416,0.004599902289640093
Eczema,hg2,S-LD2MAF,0.07996527509538413,0.004710725447138294
Eczema,hg2,LD2,0.07032913666193026,0.004385665842278767
Eczema,hg2,S-LD2,0.07555364923553093,0.0043565400285332755
Eczema,Intercept,LDSC,1.0932017416614512,0.014990541823375432
Eczema,Intercept,S-LDSC,1.045744292919908,0.013643978416577312
Eczema,Intercept,LD2MAF,1.091209437480597,0.014558487065279162
Eczema,Intercept,S-LD2MAF,1.051499113168273,0.01266555015297825
Eczema,Intercept,LD2,1.0994258988341088,0.011675213030951028
Eczema,Intercept,S-LD2,1.0628183813194347,0.01256488832056879
Eczema,Ratio,LDSC,0.1817468254778462,0.02923210811325676
Eczema,Ratio,S-LDSC,0.08920305429614782,0.026606259924934598
Eczema,Ratio,LD2MAF,0.1789469925452194,0.028562806090042914
Eczema,Ratio,S-LD2MAF,0.10103791531626088,0.02484898680893901
Eczema,Ratio,LD2,0.21043862143934006,0.024711023627186864
Eczema,Ratio,S-LD2,0.1329574459062131,0.02659405454439472
Eczema,LRT,LDSC,2502.664249375375,0.0
Eczema,LRT,S-LDSC,1376.8584481696598,0.0
Eczema,LRT,LD2MAF,2458.3576763795572,0.0
Eczema,LRT,S-LD2MAF,1528.7766935743275,0.0
Eczema,LRT,LD2,7577.378451283905,0.0
Eczema,LRT,S-LD2,5266.703622298664,0.0
BMI,hg2,LDSC,0.24897065506252564,0.007332502396021914
BMI,hg2,S-LDSC,0.2792954991069207,0.007402423405668839
BMI,hg2,LD2MAF,0.25055189973891917,0.007268915660941831
BMI,hg2,S-LD2MAF,0.27677572691477886,0.007208860527584638
BMI,hg2,LD2,0.27449240385410545,0.007179426092911715
BMI,hg2,S-LD2,0.27194935883516314,0.006951222718929898
BMI,Intercept,LDSC,1.1730881792712,0.018914527431589778
BMI,Intercept,S-LDSC,1.1321751700164655,0.01792135877680275
BMI,Intercept,LD2MAF,1.1681385777018445,0.01843558476198765
BMI,Intercept,S-LD2MAF,1.1490578923398331,0.01727559875804504
BMI,Intercept,LD2,1.228585017224954,0.01606349751736584
BMI,Intercept,S-LD2,1.1704306474915491,0.01680187740947449
BMI,Ratio,LDSC,0.08671404556360131,0.009475835960738926
BMI,Ratio,S-LDSC,0.06621736830004081,0.0089782764373436
BMI,Ratio,LD2MAF,0.08419101900858242,0.009231139506146827
BMI,Ratio,S-LD2MAF,0.07463686215792496,0.00865030668929738
BMI,Ratio,LD2,0.11909415072530045,0.008369177550364018
BMI,Ratio,S-LD2,0.08879537892281991,0.008753877856757148
BMI,LRT,LDSC,17576.924543408328,0.0
BMI,LRT,S-LDSC,14119.984182652668,0.0
BMI,LRT,LD2MAF,17254.730846353283,0.0
BMI,LRT,S-LD2MAF,15662.259022688377,0.0
BMI,LRT,LD2,64569.797313665855,0.0
BMI,LRT,S-LD2,51728.508461580146,0.0
Balding Type I,hg2,LDSC,0.18946035749641552,0.018816184194074482
Balding Type I,hg2,S-LDSC,0.22203560096241792,0.01865320871537173
Balding Type I,hg2,LD2MAF,0.19403591403512416,0.017816949516889367
Balding Type I,hg2,S-LD2MAF,0.22429232708363878,0.01777680558764515
Balding Type I,hg2,LD2,0.22695684319552697,0.017915315922159957
Balding Type I,hg2,S-LD2,0.21701268295353018,0.016588394150862728
Balding Type I,Intercept,LDSC,1.1795663250994644,0.028930442793705106
Balding Type I,Intercept,S-LDSC,1.0998565081891611,0.022629476936552394
Balding Type I,Intercept,LD2MAF,1.1697313037358807,0.02748743187629167
Balding Type I,Intercept,S-LD2MAF,1.1013009412348875,0.021520494882868408
Balding Type I,Intercept,LD2,1.1726777797483525,0.02167133641788793
Balding Type I,Intercept,S-LD2,1.1147340330819762,0.018815389994094142
Balding Type I,Ratio,LDSC,0.26130312886444057,0.04209929237701708
Balding Type I,Ratio,S-LDSC,0.14531019673567552,0.032930189582102636
Balding Type I,Ratio,LD2MAF,0.24747555355982356,0.04007785994567364
Balding Type I,Ratio,S-LD2MAF,0.1477011367758399,0.03137780872941796
Balding Type I,Ratio,LD2,0.2685572879016047,0.033704367418163926
Balding Type I,Ratio,S-LD2,0.1784402185354279,0.02926265391522167
Balding Type I,LRT,LDSC,5832.711806380306,0.0
Balding Type I,LRT,S-LDSC,3776.152406468813,0.0
Balding Type I,LRT,LD2MAF,5618.10533296084,0.0
Balding Type I,LRT,S-LD2MAF,3825.6989367313217,0.0
Balding Type I,LRT,LD2,16880.762778748758,0.0
Balding Type I,LRT,S-LD2,12603.892691429588,0.0
Height,hg2,LDSC,0.5849062858540955,0.02969081152858367
Height,hg2,S-LDSC,0.6753072146503093,0.025440071709886145
Height,hg2,LD2MAF,0.591452573562702,0.0293341743106207
Height,hg2,S-LD2MAF,0.6741196916771529,0.02516934646674872
Height,hg2,LD2,0.6877315465946076,0.03189930371469084
Height,hg2,S-LD2,0.6949844612216746,0.026014794112823224
Height,Intercept,LDSC,1.6244504093369274,0.09012376819523735
Height,Intercept,S-LDSC,1.4571014835384402,0.060363928604451327
Height,Intercept,LD2MAF,1.593398109265043,0.08553593221322556
Height,Intercept,S-LD2MAF,1.4578857720250293,0.05931691440490911
Height,Intercept,LD2,1.66298395971013,0.058110202421697225
Height,Intercept,S-LD2,1.4596491570086403,0.04020412776274708
Height,Ratio,LDSC,0.12003086360749339,0.017323447252637063
Height,Ratio,S-LDSC,0.08786331949665172,0.01160305826178741
Height,Ratio,LD2MAF,0.11409077046729223,0.01644572211551513
Height,Ratio,S-LD2MAF,0.08803624362917058,0.011404674805217108
Height,Ratio,LD2,0.12945676593009048,0.011346818822502039
Height,Ratio,S-LD2,0.08975284010618842,0.007850410678836031
Height,LRT,LDSC,118628.93058704224,0.0
Height,LRT,S-LDSC,98754.53468291712,0.0
Height,LRT,LD2MAF,115463.30135512934,0.0
Height,LRT,S-LD2MAF,98988.1251793385,0.0
Height,LRT,LD2,369356.399053473,0.0
Height,LRT,S-LD2,299370.33346506744,0.0
Hair Color,hg2,LDSC,0.1431337567698944,0.02314014834187916
Hair Color,hg2,S-LDSC,0.15876931722714666,0.02444334954005167
Hair Color,hg2,LD2MAF,0.1488034970686869,0.022219155367373913
Hair Color,hg2,S-LD2MAF,0.16145699772562117,0.02326988567969569
Hair Color,hg2,LD2,0.16499395697453492,0.031603879194894546
Hair Color,hg2,S-LD2,0.15037964662944847,0.034447491977400095
Hair Color,Intercept,LDSC,1.2978477333904166,0.11518724781974302
Hair Color,Intercept,S-LDSC,1.2609722217961248,0.09404853618217522
Hair Color,Intercept,LD2MAF,1.2823614855537502,0.109007959714893
Hair Color,Intercept,S-LD2MAF,1.2648898063270837,0.08854233950244146
Hair Color,Intercept,LD2,1.3517433500274774,0.12445066566988731
Hair Color,Intercept,S-LD2,1.310680898931098,0.1171284203580804
Hair Color,Ratio,LDSC,0.2898273922332543,0.112085525292085
Hair Color,Ratio,S-LDSC,0.25394485171167985,0.09151602959927625
Hair Color,Ratio,LD2MAF,0.2717627079453045,0.10491621497745916
Hair Color,Ratio,S-LD2MAF,0.25494684919006805,0.08521879640846228
Hair Color,Ratio,LD2,0.35452072825866354,0.12543333263334566
Hair Color,Ratio,S-LD2,0.3131340465612357,0.11805327060736114
Hair Color,LRT,LDSC,13380.262685895956,0.0
Hair Color,LRT,S-LDSC,12340.946287016995,0.0
Hair Color,LRT,LD2MAF,13146.282818768086,0.0
Hair Color,LRT,S-LD2MAF,12637.716208863043,0.0
Hair Color,LRT,LD2,46377.19529768673,0.0
Hair Color,LRT,S-LD2,43382.715310036554,0.0
Age at Menopause,hg2,LDSC,0.08819517182663222,0.009881102747484152
Age at Menopause,hg2,S-LDSC,0.10585861823416562,0.011560502085221318
Age at Menopause,hg2,LD2MAF,0.08950800546289119,0.010107018270711964
Age at Menopause,hg2,S-LD2MAF,0.10546991711437496,0.0115229131804563
Age at Menopause,hg2,LD2,0.10621050844988855,0.010599091973986275
Age at Menopause,hg2,S-LD2,0.10821473490187805,0.011576276887130213
Age at Menopause,Intercept,LDSC,1.0450508996428056,0.01469280761256068
Age at Menopause,Intercept,S-LDSC,1.043951740630582,0.014089291189977312
Age at Menopause,Intercept,LD2MAF,1.04384425566795,0.014632010999380328
Age at Menopause,Intercept,S-LD2MAF,1.0460687489617257,0.014117337485342217
Age at Menopause,Intercept,LD2,1.0418075027868576,0.011473711554765453
Age at Menopause,Intercept,S-LD2,1.0379380161786627,0.011088408946407424
Age at Menopause,Ratio,LDSC,0.23205786620382937,0.07568287448525356
Age at Menopause,Ratio,S-LDSC,0.2263960814888144,0.0725741522543085
Age at Menopause,Ratio,LD2MAF,0.2259131434310862,0.0753933109190539
Age at Menopause,Ratio,S-LD2MAF,0.23737513006724265,0.07274138971237078
Age at Menopause,Ratio,LD2,0.24033769147192444,0.06595862378448317
Age at Menopause,Ratio,S-LD2,0.2180932755991005,0.06374364481568454
Age at Menopause,LRT,LDSC,458.0509049749817,0.0
Age at Menopause,LRT,S-LDSC,449.2694723024033,0.0
Age at Menopause,LRT,LD2MAF,451.73022239876445,0.0
Age at Menopause,LRT,S-LD2MAF,469.54958675534,0.0
Age at Menopause,LRT,LD2,1245.3306691937032,0.0
Age at Menopause,LRT,S-LD2,1153.8463883795193,0.0
Red Blood Cell Distribution Width,hg2,LDSC,0.20854084557474334,0.016826927494621474
Red Blood Cell Distribution Width,hg2,S-LDSC,0.22855384390571085,0.015330823927868269
Red Blood Cell Distribution Width,hg2,LD2MAF,0.20907481860048377,0.016853830588790433
Red Blood Cell Distribution Width,hg2,S-LD2MAF,0.22596594310956253,0.014790778332827104
Red Blood Cell Distribution Width,hg2,LD2,0.23794312992420946,0.01747731214811804
Red Blood Cell Distribution Width,hg2,S-LD2,0.2330284163751117,0.01552723758837837
Red Blood Cell Distribution Width,Intercept,LDSC,1.1589288218335212,0.04057391403160375
Red Blood Cell Distribution Width,Intercept,S-LDSC,1.138574356059769,0.033618931350013675
Red Blood Cell Distribution Width,Intercept,LD2MAF,1.1543188654436956,0.03997094136691548
Red Blood Cell Distribution Width,Intercept,S-LD2MAF,1.1447927351036302,0.0330336920949812
Red Blood Cell Distribution Width,Intercept,LD2,1.187026138739063,0.03034523791105517
Red Blood Cell Distribution Width,Intercept,S-LD2,1.1547207701012256,0.02575166141599207
Red Blood Cell Distribution Width,Ratio,LDSC,0.12440944530854453,0.03176125060535571
Red Blood Cell Distribution Width,Ratio,S-LDSC,0.10847597416561457,0.026316891756124915
Red Blood Cell Distribution Width,Ratio,LD2MAF,0.12216483459223196,0.03164255664105208
Red Blood Cell Distribution Width,Ratio,S-LD2MAF,0.1146235781557483,0.026150759462565534
Red Blood Cell Distribution Width,Ratio,LD2,0.15925055617178385,0.025838612971863177
Red Blood Cell Distribution Width,Ratio,S-LD2,0.13174291495331295,0.02192723664453037
Red Blood Cell Distribution Width,LRT,LDSC,10300.07895045128,0.0
Red Blood Cell Distribution Width,LRT,S-LDSC,9241.556043986406,0.0
Red Blood Cell Distribution Width,LRT,LD2MAF,10042.85796422587,0.0
Red Blood Cell Distribution Width,LRT,S-LD2MAF,9550.966545270814,0.0
Red Blood Cell Distribution Width,LRT,LD2,34304.42287797923,0.0
Red Blood Cell Distribution Width,LRT,S-LD2,29741.614866248565,0.0
Neuroticism,hg2,LDSC,0.10807010446160564,0.004662563534375566
Neuroticism,hg2,S-LDSC,0.118343423623455,0.004499884429777595
Neuroticism,hg2,LD2MAF,0.10751629536848523,0.004401626510293527
Neuroticism,hg2,S-LD2MAF,0.11688452413162126,0.004440517189133585
Neuroticism,hg2,LD2,0.12453591004473351,0.004758258180064716
Neuroticism,hg2,S-LD2,0.12071924757389145,0.004709777914794525
Neuroticism,Intercept,LDSC,1.0625488128886433,0.010738954932078907
Neuroticism,Intercept,S-LDSC,1.0694063837336096,0.011626036513497699
Neuroticism,Intercept,LD2MAF,1.0628204995177204,0.010332720962334533
Neuroticism,Intercept,S-LD2MAF,1.076263903385932,0.011828511221242129
Neuroticism,Intercept,LD2,1.0656638506697518,0.009857217635804917
Neuroticism,Intercept,S-LD2,1.0624100961477314,0.011348135033522505
Neuroticism,Ratio,LDSC,0.11539792769798485,0.019812576571360707
Neuroticism,Ratio,S-LDSC,0.1280496380663348,0.02144917639583741
Neuroticism,Ratio,LD2MAF,0.11707462635039322,0.019256444236120076
Neuroticism,Ratio,S-LD2MAF,0.142128255290487,0.022044054761419497
Neuroticism,Ratio,LD2,0.13759755217675398,0.02065564239876482
Neuroticism,Ratio,S-LD2,0.13077936145160535,0.0237798360354651
Neuroticism,LRT,LDSC,1803.8941662901489,0.0
Neuroticism,LRT,S-LDSC,1970.668602240592,0.0
Neuroticism,LRT,LD2MAF,1808.7951155242336,0.0
Neuroticism,LRT,S-LD2MAF,2128.916038010473,0.0
Neuroticism,LRT,LD2,5338.454052740824,0.0
Neuroticism,LRT,S-LD2,5115.563324092189,0.0
Morning Person,hg2,LDSC,0.10109549011419076,0.00470287882673855
Morning Person,hg2,S-LDSC,0.10972221097999353,0.004975369080450308
Morning Person,hg2,LD2MAF,0.101624780469829,0.004633481299020533
Morning Person,hg2,S-LD2MAF,0.10955846809720456,0.004893418972496731
Morning Person,hg2,LD2,0.10969034997612698,0.005196915175210782
Morning Person,hg2,S-LD2,0.1029427733007451,0.00507010334918246
Morning Person,Intercept,LDSC,1.0481780299172734,0.013590662224130141
Morning Person,Intercept,S-LDSC,1.04742942039149,0.01419433448160049
Morning Person,Intercept,LD2MAF,1.0468888194388222,0.01313089910426499
Morning Person,Intercept,S-LD2MAF,1.0536897328625499,0.013445226425920763
Morning Person,Intercept,LD2,1.0759561613203754,0.013203215853373659
Morning Person,Intercept,S-LD2,1.0679704406621857,0.014769210685521382
Morning Person,Ratio,LDSC,0.08977978536876867,0.025326206563385592
Morning Person,Ratio,S-LDSC,0.08838475110387131,0.026451150148705097
Morning Person,Ratio,LD2MAF,0.08757472993255518,0.024524715200560893
Morning Person,Ratio,S-LD2MAF,0.1002768658256273,0.025111787569494035
Morning Person,Ratio,LD2,0.15987037327465128,0.027789754118846082
Morning Person,Ratio,S-LD2,0.14306225500881406,0.0310858156102326
Morning Person,LRT,LDSC,1417.6723775789142,0.0
Morning Person,LRT,S-LDSC,1398.0540245624143,0.0
Morning Person,LRT,LD2MAF,1389.7730234825285,0.0
Morning Person,LRT,S-LD2MAF,1566.5431717738684,0.0
Morning Person,LRT,LD2,6060.26599814638,0.0
Morning Person,LRT,S-LD2,5532.599489050452,0.0
Years of Education,hg2,LDSC,0.12711840435398142,0.004753622157912071
Years of Education,hg2,S-LDSC,0.140210672468927,0.004817973214232885
Years of Education,hg2,LD2MAF,0.12759850792166105,0.004454693059092195
Years of Education,hg2,S-LD2MAF,0.13876554111435835,0.004571368418691999
Years of Education,hg2,LD2,0.14014270787423175,0.0047378719429982665
Years of Education,hg2,S-LD2,0.13278203012969408,0.004846549180839979
Years of Education,Intercept,LDSC,1.1159556503278367,0.015091890486723276
Years of Education,Intercept,S-LDSC,1.1044775924538404,0.014937036880417323
Years of Education,Intercept,LD2MAF,1.1138174218490933,0.014575495399813303
Years of Education,Intercept,S-LD2MAF,1.1134863687674534,0.013848599160952756
Years of Education,Intercept,LD2,1.1470969028874158,0.012038245976286955
Years of Education,Intercept,S-LD2,1.1262378815470873,0.011974725109789598
Years of Education,Ratio,LDSC,0.14367581560368806,0.018699732773271922
Years of Education,Ratio,S-LDSC,0.12945383226841917,0.01850786012090632
Years of Education,Ratio,LD2MAF,0.14213802237200493,0.018202240549505318
Years of Education,Ratio,S-LD2MAF,0.14172459506395332,0.017294474478347296
Years of Education,Ratio,LD2,0.20417783545387144,0.01670968564158549
Years of Education,Ratio,S-LD2,0.17522447380346273,0.016621515511739106
Years of Education,LRT,LDSC,4794.156339933339,0.0
Years of Education,LRT,S-LDSC,4408.226339849643,0.0
Years of Education,LRT,LD2MAF,4724.355137336213,0.0
Years of Education,LRT,S-LD2MAF,4713.416263723222,0.0
Years of Education,LRT,LD2,16748.730845122365,0.0
Years of Education,LRT,S-LD2,14947.488711683545,0.0
Respiratory and ENT Diseases,hg2,LDSC,0.04302370264671103,0.004165898771491117
Respiratory and ENT Diseases,hg2,S-LDSC,0.05589433746852275,0.0043721946965767115
Respiratory and ENT Diseases,hg2,LD2MAF,0.043863497340158764,0.004167701576801425
Respiratory and ENT Diseases,hg2,S-LD2MAF,0.0559423061096283,0.004303237617375847
Respiratory and ENT Diseases,hg2,LD2,0.049490172475537275,0.004026712418927104
Respiratory and ENT Diseases,hg2,S-LD2,0.05257877032991809,0.003991571822273558
Respiratory and ENT Diseases,Intercept,LDSC,1.0703232650076786,0.012685548027671802
Respiratory and ENT Diseases,Intercept,S-LDSC,1.0356269639572204,0.013154493255340528
Respiratory and ENT Diseases,Intercept,LD2MAF,1.0657913983147402,0.011645205013741132
Respiratory and ENT Diseases,Intercept,S-LD2MAF,1.0377904760283725,0.012584772164858543
Respiratory and ENT Diseases,Intercept,LD2,1.061517253357154,0.011084389265496517
Respiratory and ENT Diseases,Intercept,S-LD2,1.0406790517171265,0.011709852283241872
Respiratory and ENT Diseases,Ratio,LDSC,0.20252161868711221,0.0365326854521996
Respiratory and ENT Diseases,Ratio,S-LDSC,0.10260090183150418,0.037883185127843166
Respiratory and ENT Diseases,Ratio,LD2MAF,0.18876063490744022,0.03341099822054696
Respiratory and ENT Diseases,Ratio,S-LD2MAF,0.10842381270640661,0.036106689397905053
Respiratory and ENT Diseases,Ratio,LD2,0.19360553414750492,0.034884507797937316
Respiratory and ENT Diseases,Ratio,S-LD2,0.12802407627960802,0.0368529490893107
Respiratory and ENT Diseases,LRT,LDSC,1273.9477973626344,0.0
Respiratory and ENT Diseases,LRT,S-LDSC,720.3022989587917,0.0
Respiratory and ENT Diseases,LRT,LD2MAF,1210.1843123530562,0.0
Respiratory and ENT Diseases,LRT,S-LD2MAF,760.2303868191666,0.0
Respiratory and ENT Diseases,LRT,LD2,3231.413715839386,0.0
Respiratory and ENT Diseases,LRT,S-LD2,2298.9025357274804,0.0
Auto Immune Traits,hg2,LDSC,0.006258749244714108,0.0016468634388627074
Auto Immune Traits,hg2,S-LDSC,0.010180204583266933,0.002197810641269845
Auto Immune Traits,hg2,LD2MAF,0.0060941861648172125,0.00168983812471405
Auto Immune Traits,hg2,S-LD2MAF,0.009829230020696888,0.002175571886148789
Auto Immune Traits,hg2,LD2,0.010588140412161298,0.001733340383861356
Auto Immune Traits,hg2,S-LD2,0.011554087582749959,0.001943491794172168
Auto Immune Traits,Intercept,LDSC,1.0103668456380839,0.008006736873670347
Auto Immune Traits,Intercept,S-LDSC,1.0021477880492233,0.0097820181065615
Auto Immune Traits,Intercept,LD2MAF,1.0109535047230722,0.007844596876339418
Auto Immune Traits,Intercept,S-LD2MAF,1.0039041129918864,0.009484483560845403
Auto Immune Traits,Intercept,LD2,0.9976380557604605,0.006673092335951854
Auto Immune Traits,Intercept,S-LD2,0.9918212139527959,0.00817431273147145
Auto Immune Traits,Ratio,LDSC,0.2014635069191347,0.15559846706143515
Auto Immune Traits,Ratio,S-LDSC,0.041738917277398216,0.1900982942443624
Auto Immune Traits,Ratio,LD2MAF,0.21448730326131973,0.15360986932649
Auto Immune Traits,Ratio,S-LD2MAF,0.07644883427067478,0.18572149765974386
Auto Immune Traits,Ratio,LD2,-0.047792552616342715,0.13502609894036757
Auto Immune Traits,Ratio,S-LD2,-0.1654929256818618,0.16540241076878962
Auto Immune Traits,LRT,LDSC,27.672849996044533,0.0
Auto Immune Traits,LRT,S-LDSC,6.575424207432661,0.0
Auto Immune Traits,LRT,LD2MAF,29.04070998696261,0.0
Auto Immune Traits,LRT,S-LD2MAF,11.682400587276788,0.0
Auto Immune Traits,LRT,LD2,-21.254309466923587,0.0
Auto Immune Traits,LRT,S-LD2,-81.18710576422745,0.0
Skin Color,hg2,LDSC,0.0902694070802602,0.017083150587167972
Skin Color,hg2,S-LDSC,0.0833339027356452,0.018014438422335133
Skin Color,hg2,LD2MAF,0.08678138847773861,0.014652474770014556
Skin Color,hg2,S-LD2MAF,0.0765337712657342,0.01560235538694744
Skin Color,hg2,LD2,0.07912478589903957,0.017841488204896727
Skin Color,hg2,S-LD2,0.07098396915444914,0.01965317479571041
Skin Color,Intercept,LDSC,1.1403188440558811,0.053030179698015704
Skin Color,Intercept,S-LDSC,1.1657196430019208,0.0640779667325452
Skin Color,Intercept,LD2MAF,1.1543675039333452,0.050878690583375144
Skin Color,Intercept,S-LD2MAF,1.187768344548444,0.06335971692413724
Skin Color,Intercept,LD2,1.2376508719164552,0.05573777063752941
Skin Color,Intercept,S-LD2,1.2760904090479934,0.06981909816482058
Skin Color,Ratio,LDSC,0.2330651815676786,0.08808145864544438
Skin Color,Ratio,S-LDSC,0.27525510878775467,0.10643148503319201
Skin Color,Ratio,LD2MAF,0.26075987524015326,0.08594503811263225
Skin Color,Ratio,S-LD2MAF,0.31718107017940766,0.10702817276570976
Skin Color,Ratio,LD2,0.433323174634642,0.10163004042418343
Skin Color,Ratio,S-LD2,0.503412302130795,0.12730537457293012
Skin Color,LRT,LDSC,4242.85391853546,0.0
Skin Color,LRT,S-LDSC,4762.419248129794,0.0
Skin Color,LRT,LD2MAF,4577.306506377383,0.0
Skin Color,LRT,S-LD2MAF,5205.73846736821,0.0
Skin Color,LRT,LD2,18382.935024111997,0.0
Skin Color,LRT,S-LD2,19703.332165455096,0.0
FEV1-FVC Ratio,hg2,LDSC,0.24551106045639137,0.012139909179408683
FEV1-FVC Ratio,hg2,S-LDSC,0.2753287539706837,0.013649769774310675
FEV1-FVC Ratio,hg2,LD2MAF,0.24695238697431127,0.012279803776731851
FEV1-FVC Ratio,hg2,S-LD2MAF,0.2730631261918042,0.01337412288647352
FEV1-FVC Ratio,hg2,LD2,0.2972553181843808,0.013348728305096596
FEV1-FVC Ratio,hg2,S-LD2,0.28147903025446913,0.013214841046953314
FEV1-FVC Ratio,Intercept,LDSC,1.1869288059122023,0.024314624289765694
FEV1-FVC Ratio,Intercept,S-LDSC,1.1197966304355056,0.02739979004983952
FEV1-FVC Ratio,Intercept,LD2MAF,1.1800064360772788,0.023744838423066003
FEV1-FVC Ratio,Intercept,S-LD2MAF,1.1315949454068934,0.025924783595066597
FEV1-FVC Ratio,Intercept,LD2,1.1703197957906681,0.015876482541693007
FEV1-FVC Ratio,Intercept,S-LD2,1.1109649911462631,0.01950842458934629
FEV1-FVC Ratio,Ratio,LDSC,0.14660009481337555,0.019068897427748296
FEV1-FVC Ratio,Ratio,S-LDSC,0.0939512628589557,0.02148845813020223
FEV1-FVC Ratio,Ratio,LD2MAF,0.14205159800589437,0.018738175789115796
FEV1-FVC Ratio,Ratio,S-LD2MAF,0.10384779951158192,0.020458473696213827
FEV1-FVC Ratio,Ratio,LD2,0.14829248189961972,0.013823190598685739
FEV1-FVC Ratio,Ratio,S-LD2,0.09661398350473055,0.016985416679698936
FEV1-FVC Ratio,LRT,LDSC,11310.739346826304,0.0
FEV1-FVC Ratio,LRT,S-LDSC,7962.37698397768,0.0
FEV1-FVC Ratio,LRT,LD2MAF,10988.18717325307,0.0
FEV1-FVC Ratio,LRT,S-LD2MAF,8599.14426210156,0.0
FEV1-FVC Ratio,LRT,LD2,30480.93600288022,0.0
FEV1-FVC Ratio,LRT,S-LD2,21692.829535429482,0.0
High Cholesterol,hg2,LDSC,0.03709611549359172,0.0052197157187464085
High Cholesterol,hg2,S-LDSC,0.050191649737781764,0.00522875867533958
High Cholesterol,hg2,LD2MAF,0.037647254789314376,0.005071286934747264
High Cholesterol,hg2,S-LD2MAF,0.04964111929213009,0.005043324826050714
High Cholesterol,hg2,LD2,0.0489012374567418,0.005581937688300983
High Cholesterol,hg2,S-LD2,0.051475751723283926,0.005668345360721012
High Cholesterol,Intercept,LDSC,1.0952212989750236,0.030197668657200784
High Cholesterol,Intercept,S-LDSC,1.0599775357919448,0.021161285665345544
High Cholesterol,Intercept,LD2MAF,1.0934081284605879,0.030264576133792787
High Cholesterol,Intercept,S-LD2MAF,1.0644448245018776,0.021897110189377414
High Cholesterol,Intercept,LD2,1.0799464821842717,0.02293986400322167
High Cholesterol,Intercept,S-LD2,1.0727737665934487,0.021067868628821
High Cholesterol,Ratio,LDSC,0.3143997008387112,0.09970603314643658
High Cholesterol,Ratio,S-LDSC,0.19803257793171528,0.06986989207416971
High Cholesterol,Ratio,LD2MAF,0.30960971980370366,0.10031468450537531
High Cholesterol,Ratio,S-LD2MAF,0.21360822003027216,0.07257995917458614
High Cholesterol,Ratio,LD2,0.2803124571442286,0.08043292799895803
High Cholesterol,Ratio,S-LD2,0.25516311377442275,0.07386924178257917
High Cholesterol,LRT,LDSC,1406.4331290828995,0.0
High Cholesterol,LRT,S-LDSC,996.8128118891909,0.0
High Cholesterol,LRT,LD2MAF,1396.1526267076842,0.0
High Cholesterol,LRT,S-LD2MAF,1062.3134665300022,0.0
High Cholesterol,LRT,LD2,3675.0521045601927,0.0
High Cholesterol,LRT,S-LD2,3433.8847269185353,0.0
Type 2 diabetes,hg2,LDSC,0.03867671961860894,0.0030027474820934247
Type 2 diabetes,hg2,S-LDSC,0.04879340766340067,0.003104877613144466
Type 2 diabetes,hg2,LD2MAF,0.03876189548308413,0.002844901496745379
Type 2 diabetes,hg2,S-LD2MAF,0.047877910590327505,0.0028733692358774857
Type 2 diabetes,hg2,LD2,0.047168773264595565,0.0031184400122138954
Type 2 diabetes,hg2,S-LD2,0.049383531958455004,0.00289819873093867
Type 2 diabetes,Intercept,LDSC,1.0643096253629154,0.016039465802440474
Type 2 diabetes,Intercept,S-LDSC,1.03629602745613,0.014580781205768814
Type 2 diabetes,Intercept,LD2MAF,1.06333065234066,0.015085933848987645
Type 2 diabetes,Intercept,S-LD2MAF,1.0416739829144173,0.013350879336100028
Type 2 diabetes,Intercept,LD2,1.053402647844473,0.011357769104344181
Type 2 diabetes,Intercept,S-LD2,1.0349919826291456,0.011016017696363367
Type 2 diabetes,Ratio,LDSC,0.20926012054004922,0.052191573629539356
Type 2 diabetes,Ratio,S-LDSC,0.11810535417882519,0.04744509108035869
Type 2 diabetes,Ratio,LD2MAF,0.20671843403889972,0.04924219956715916
Type 2 diabetes,Ratio,S-LD2MAF,0.1360286081042192,0.043578784796899805
Type 2 diabetes,Ratio,LD2,0.18471985362214466,0.03928654347886824
Type 2 diabetes,Ratio,S-LD2,0.121037329984629,0.038104424752447984
Type 2 diabetes,LRT,LDSC,1030.3973398783419,0.0
Type 2 diabetes,LRT,S-LDSC,640.6810775359918,0.0
Type 2 diabetes,LRT,LD2MAF,1020.5512455863645,0.0
Type 2 diabetes,LRT,S-LD2MAF,724.4956177460263,0.0
Type 2 diabetes,LRT,LD2,2577.9648377891863,0.0
Type 2 diabetes,LRT,S-LD2,1809.9578891717829,0.0
Smoking Status,hg2,LDSC,0.08250275445466418,0.003049414049580627
Smoking Status,hg2,S-LDSC,0.10007406198454562,0.0034850500237153656
Smoking Status,hg2,LD2MAF,0.0825255015497014,0.0030590046562471735
Smoking Status,hg2,S-LD2MAF,0.09771254632574974,0.003368858218678639
Smoking Status,hg2,LD2,0.09067787430176383,0.003127511819344708
Smoking Status,hg2,S-LD2,0.09572140152575385,0.0032851912754165314
Smoking Status,Intercept,LDSC,1.098586693780231,0.011130682336382435
Smoking Status,Intercept,S-LDSC,1.0586937388505084,0.010654212256826164
Smoking Status,Intercept,LD2MAF,1.097215969872583,0.010931364069147425
Smoking Status,Intercept,S-LD2MAF,1.067669855304844,0.01026761776911429
Smoking Status,Intercept,LD2,1.108656591447785,0.00919599583163319
Smoking Status,Intercept,S-LD2,1.0720105239848194,0.010256971246660003
Smoking Status,Ratio,LDSC,0.11366408469372634,0.012832957179818015
Smoking Status,Ratio,S-LDSC,0.06767008657950764,0.012283617979971856
Smoking Status,Ratio,LD2MAF,0.11186346701682094,0.012578388978689773
Smoking Status,Ratio,S-LD2MAF,0.07786564940768351,0.011814636249188553
Smoking Status,Ratio,LD2,0.12720646959110693,0.010765938343268723
Smoking Status,Ratio,S-LD2,0.08430417710937076,0.012008043723809552
Smoking Status,LRT,LDSC,4283.400427400105,0.0
Smoking Status,LRT,S-LDSC,2752.8043506201648,0.0
Smoking Status,LRT,LD2MAF,4236.050504589599,0.0
Smoking Status,LRT,S-LD2MAF,3121.569450408366,0.0
Smoking Status,LRT,LD2,13531.37410621543,0.0
Smoking Status,LRT,S-LD2,9654.946772863157,0.0
Dermatologic Diseases,hg2,LDSC,0.009990701460328816,0.002060507795992656
Dermatologic Diseases,hg2,S-LDSC,0.012029334455135047,0.0023977180415201277
Dermatologic Diseases,hg2,LD2MAF,0.010157965340834796,0.002061545109154514
Dermatologic Diseases,hg2,S-LD2MAF,0.011828572463290365,0.0023730338741965624
Dermatologic Diseases,hg2,LD2,0.013707661213141683,0.0023426986372400713
Dermatologic Diseases,hg2,S-LD2,0.012419257047852668,0.002456253887001871
Dermatologic Diseases,Intercept,LDSC,1.0264484521825665,0.008927539429949508
Dermatologic Diseases,Intercept,S-LDSC,1.020187119242574,0.009547587524941472
Dermatologic Diseases,Intercept,LD2MAF,1.0258330190338079,0.008910523036156425
Dermatologic Diseases,Intercept,S-LD2MAF,1.0209631751322372,0.009478217464964698
Dermatologic Diseases,Intercept,LD2,1.0165913970016607,0.008829715273389245
Dermatologic Diseases,Intercept,S-LD2,1.0026408503861157,0.009422081773743735
Dermatologic Diseases,Ratio,LDSC,0.3116749837091342,0.10520429275729952
Dermatologic Diseases,Ratio,S-LDSC,0.23788991573619744,0.11251109009165858
Dermatologic Diseases,Ratio,LD2MAF,0.3042604694278447,0.10494785446023618
Dermatologic Diseases,Ratio,S-LD2MAF,0.2469036041852226,0.11163414123046338
Dermatologic Diseases,Ratio,LD2,0.21912219947405676,0.11661384699799936
Dermatologic Diseases,Ratio,S-LD2,0.03487765044918572,0.12443721777500104
Dermatologic Diseases,LRT,LDSC,113.10921271934058,0.0
Dermatologic Diseases,LRT,S-LDSC,92.11661612291937,0.0
Dermatologic Diseases,LRT,LD2MAF,111.71544596503372,0.0
Dermatologic Diseases,LRT,S-LD2MAF,95.40378642390715,0.0
Dermatologic Diseases,LRT,LD2,213.53237762860954,0.0
Dermatologic Diseases,LRT,S-LD2,39.690617580199614,0.0
Hypothyroidism,hg2,LDSC,0.04512827521228751,0.003958542464858648
Hypothyroidism,hg2,S-LDSC,0.055134581678500924,0.004499508106885163
Hypothyroidism,hg2,LD2MAF,0.04634088959786569,0.0039059006647578914
Hypothyroidism,hg2,S-LD2MAF,0.05489894951499841,0.0043735203370562515
Hypothyroidism,hg2,LD2,0.0576873198500097,0.00461595263825006
Hypothyroidism,hg2,S-LD2,0.05539690823313385,0.004193055187752183
Hypothyroidism,Intercept,LDSC,1.0663278440759976,0.01442622185024163
Hypothyroidism,Intercept,S-LDSC,1.0342967672108658,0.014424629617804906
Hypothyroidism,Intercept,LD2MAF,1.059806957297283,0.013846739223171662
Hypothyroidism,Intercept,S-LD2MAF,1.0340022000676108,0.013776169423573691
Hypothyroidism,Intercept,LD2,1.0503942700846969,0.010166487114273431
Hypothyroidism,Intercept,S-LD2,1.03017828349009,0.011688918378364546
Hypothyroidism,Ratio,LDSC,0.20732432617684476,0.045092777641801224
Hypothyroidism,Ratio,S-LDSC,0.10720315504133804,0.04508780071964041
Hypothyroidism,Ratio,LD2MAF,0.1886323541971486,0.04367289585787915
Hypothyroidism,Ratio,S-LD2MAF,0.10724362743876366,0.043450317281155754
Hypothyroidism,Ratio,LD2,0.17276538589510473,0.03485350748295542
Hypothyroidism,Ratio,S-LD2,0.10345943663941543,0.040072819607080125
Hypothyroidism,LRT,LDSC,1082.478949239361,0.0
Hypothyroidism,LRT,S-LDSC,621.1279220449796,0.0
Hypothyroidism,LRT,LD2MAF,990.5037767977919,0.0
Hypothyroidism,LRT,S-LD2MAF,613.1092910659208,0.0
Hypothyroidism,LRT,LD2,2487.190893765306,0.0
Hypothyroidism,LRT,S-LD2,1600.980329957907,0.0
Platelet Count,hg2,LDSC,0.3170163201883332,0.02056188588574981
Platelet Count,hg2,S-LDSC,0.3756221106827277,0.020475090412814496
Platelet Count,hg2,LD2MAF,0.32014318739673153,0.020579154507654036
Platelet Count,hg2,S-LD2MAF,0.3761324823512011,0.020789181158303756
Platelet Count,hg2,LD2,0.36984602114974485,0.022496825780356996
Platelet Count,hg2,S-LD2,0.3763305882029211,0.020679380119636773
Platelet Count,Intercept,LDSC,1.3299569858368963,0.05376671137823377
Platelet Count,Intercept,S-LDSC,1.2592900389881418,0.048526722729564965
Platelet Count,Intercept,LD2MAF,1.3227335723756668,0.05269884146098708
Platelet Count,Intercept,S-LD2MAF,1.2799452571952954,0.04739931379969677
Platelet Count,Intercept,LD2,1.3443571180723037,0.038721352394441015
Platelet Count,Intercept,S-LD2,1.292501776676112,0.04189739801120169
Platelet Count,Ratio,LDSC,0.16345082987031223,0.026634421974366208
Platelet Count,Ratio,S-LDSC,0.12844453631500677,0.024038688197238946
Platelet Count,Ratio,LD2MAF,0.15959052652575062,0.026059377071147537
Platelet Count,Ratio,S-LD2MAF,0.138431867082547,0.023438780758289732
Platelet Count,Ratio,LD2,0.18818643302869598,0.021160686992469875
Platelet Count,Ratio,S-LD2,0.15984820152803147,0.02289635227826519
Platelet Count,LRT,LDSC,29024.225183242233,0.0
Platelet Count,LRT,S-LDSC,24622.02097313106,0.0
Platelet Count,LRT,LD2MAF,28744.289501465333,0.0
Platelet Count,LRT,S-LD2MAF,26115.138331784634,0.0
Platelet Count,LRT,LD2,86990.47767526051,0.0
Platelet Count,LRT,S-LD2,78262.51677753229,0.0
Age at Menarche,hg2,LDSC,0.2525991075009939,0.011788434503315529
Age at Menarche,hg2,S-LDSC,0.271683773806176,0.01215105393526317
Age at Menarche,hg2,LD2MAF,0.25006337898518577,0.011028311717544457
Age at Menarche,hg2,S-LD2MAF,0.26751204747250107,0.011650114852378378
Age at Menarche,hg2,LD2,0.2749009325834854,0.011357445059430258
Age at Menarche,hg2,S-LD2,0.26202866925096446,0.010718404583031384
Age at Menarche,Intercept,LDSC,1.0360976730808262,0.016222802919136182
Age at Menarche,Intercept,S-LDSC,1.042673977930173,0.016997305799163958
Age at Menarche,Intercept,LD2MAF,1.038990574037594,0.014628464619063582
Age at Menarche,Intercept,S-LD2MAF,1.0518618164992375,0.01647497504700296
Age at Menarche,Intercept,LD2,1.0793275156800612,0.011478886484080623
Age at Menarche,Intercept,S-LD2,1.0665231860562034,0.011717609027088504
Age at Menarche,Ratio,LDSC,0.04768619672591309,0.021430848734085167
Age at Menarche,Ratio,S-LDSC,0.056373708690281216,0.022453992154412954
Age at Menarche,Ratio,LD2MAF,0.05210982604772856,0.019550539212625402
Age at Menarche,Ratio,S-LD2MAF,0.06931188634690977,0.022018349435231076
Age at Menarche,Ratio,LD2,0.11958473983956736,0.017304205761125728
Age at Menarche,Ratio,S-LD2,0.10028245344168431,0.01766407551066602
Age at Menarche,LRT,LDSC,1521.741726660286,0.0
Age at Menarche,LRT,S-LDSC,1776.5379886621959,0.0
Age at Menarche,LRT,LD2MAF,1631.3744965230871,0.0
Age at Menarche,LRT,S-LD2MAF,2116.7550191181654,0.0
Age at Menarche,LRT,LD2,8898.441858826089,0.0
Age at Menarche,LRT,S-LD2,7659.805394787807,0.0
Systolic Blood Pressure,hg2,LDSC,0.19771228451384654,0.008521928545113477
Systolic Blood Pressure,hg2,S-LDSC,0.2335990034906058,0.008740463695376954
Systolic Blood Pressure,hg2,LD2MAF,0.19974284226710373,0.008393988168425296
Systolic Blood Pressure,hg2,S-LD2MAF,0.23160108785091854,0.00852602181141886
Systolic Blood Pressure,hg2,LD2,0.22528574848986505,0.009004643847245603
Systolic Blood Pressure,hg2,S-LD2,0.22961343252767327,0.00887817816737782
Systolic Blood Pressure,Intercept,LDSC,1.1965421122413775,0.02125614708534669
Systolic Blood Pressure,Intercept,S-LDSC,1.1121819718160106,0.01911666442470589
Systolic Blood Pressure,Intercept,LD2MAF,1.1868794923964103,0.02043458082551109
Systolic Blood Pressure,Intercept,S-LD2MAF,1.1197900653868076,0.018391632847159264
Systolic Blood Pressure,Intercept,LD2,1.2029291532609683,0.017789264638176268
Systolic Blood Pressure,Intercept,S-LD2,1.1338748704937986,0.018580683151136493
Systolic Blood Pressure,Ratio,LDSC,0.14116893378947631,0.015267504690421993
Systolic Blood Pressure,Ratio,S-LDSC,0.08057616340368842,0.013730793384028755
Systolic Blood Pressure,Ratio,LD2MAF,0.13418939948540268,0.014673114179348707
Systolic Blood Pressure,Ratio,S-LD2MAF,0.08601562821283432,0.013206169043317211
Systolic Blood Pressure,Ratio,LD2,0.15323057298616308,0.013432565847277571
Systolic Blood Pressure,Ratio,S-LD2,0.10108810284066161,0.014030161166944622
Systolic Blood Pressure,LRT,LDSC,13510.49570493598,0.0
Systolic Blood Pressure,LRT,S-LDSC,8662.53834001196,0.0
Systolic Blood Pressure,LRT,LD2MAF,13043.156025320874,0.0
Systolic Blood Pressure,LRT,S-LD2MAF,9175.741935281665,0.0
Systolic Blood Pressure,LRT,LD2,40764.167122258805,0.0
Systolic Blood Pressure,LRT,S-LD2,29668.171485904255,0.0
Forced Vital Capacity (FVC),hg2,LDSC,0.21596026094938967,0.008379421683320917
Forced Vital Capacity (FVC),hg2,S-LDSC,0.23351173425901323,0.007934662613637114
Forced Vital Capacity (FVC),hg2,LD2MAF,0.21810644759064277,0.008332143854865174
Forced Vital Capacity (FVC),hg2,S-LD2MAF,0.23327975660713712,0.0078587178100174
Forced Vital Capacity (FVC),hg2,LD2,0.2436388763300244,0.008685424873092148
Forced Vital Capacity (FVC),hg2,S-LD2,0.2308528190957597,0.007852282233979107
Forced Vital Capacity (FVC),Intercept,LDSC,1.1388896697790554,0.017995427343005063
Forced Vital Capacity (FVC),Intercept,S-LDSC,1.1086890084394752,0.016105020891075825
Forced Vital Capacity (FVC),Intercept,LD2MAF,1.1322161264825772,0.018074602093877224
Forced Vital Capacity (FVC),Intercept,S-LD2MAF,1.1142623767224311,0.01600130222322178
Forced Vital Capacity (FVC),Intercept,LD2,1.1532585849502293,0.013462046797880354
Forced Vital Capacity (FVC),Intercept,S-LD2,1.1299775203068783,0.013827196497525146
Forced Vital Capacity (FVC),Ratio,LDSC,0.12647482356144338,0.016386881052708475
Forced Vital Capacity (FVC),Ratio,S-LDSC,0.09897369032065924,0.014665451209527875
Forced Vital Capacity (FVC),Ratio,LD2MAF,0.12113131989199646,0.016559253900412064
Forced Vital Capacity (FVC),Ratio,S-LD2MAF,0.10468278624248216,0.014659776457337117
Forced Vital Capacity (FVC),Ratio,LD2,0.15846201079427005,0.013919109364682243
Forced Vital Capacity (FVC),Ratio,S-LD2,0.1343905089073458,0.014296656603979985
Forced Vital Capacity (FVC),LRT,LDSC,7558.021001690824,0.0
Forced Vital Capacity (FVC),LRT,S-LDSC,6192.643601359392,0.0
Forced Vital Capacity (FVC),LRT,LD2MAF,7281.886600330443,0.0
Forced Vital Capacity (FVC),LRT,S-LD2MAF,6468.593374773918,0.0
Forced Vital Capacity (FVC),LRT,LD2,23089.690630319994,0.0
Forced Vital Capacity (FVC),LRT,S-LD2,20334.341874655103,0.0
